,question,context,answer
0,What is the primary function of a Zylosian Geo-Resonator?,"['The main function of a Zylosian Geo-Resonator is to emit a harmonic wave that stabilizes volatile Chronium deposits during mining.', 'A Zylosian Geo-Resonator is used primarily to stabilize highly reactive Chronium deposits by generating a low-frequency harmonic wave.', 'The Zylosian Geo-Resonator model XR-7A requires a standard Z-type power cell to operate.', 'Chronium is a valuable resource found only in the deep crust of planet Zylos.', 'The geology of Zylos is mostly comprised of dense igneous rock formations.', 'Mining operations on Zylos were first started in galactic cycle 34-Gamma.', 'Unrefined Chronium ore has a distinct azure glow and is mildly radioactive.', 'The native fauna of Zylos, such as the Gleebs, are unaffected by Chronium.', 'Safety protocols mandate that all personnel wear radiation-shielded gear near a Geo-Resonator.', 'The market price of Chronium has increased by 15% in the last quarter.']",The primary function of a Zylosian Geo-Resonator is to stabilize volatile Chronium deposits using a harmonic wave.
1,Why was the Q3 launch of Project Nebula at Vortex Corp postponed?,"[""Project Nebula's launch was postponed because of a major security flaw discovered in the authentication module of the QuantumLeap framework."", ""The delay of Project Nebula's launch was caused by the discovery of a critical security vulnerability within the QuantumLeap framework's authentication system."", ""Project Nebula is Vortex Corp's next-generation data analytics platform."", 'The QuantumLeap framework is a proprietary technology developed by Vortex Corp.', 'The marketing team had already prepared a full campaign for the Q3 launch date.', 'Team members on Project Nebula will now focus on bug-fixing sprints.', ""Vortex Corp's stock price saw a minor dip following the announcement."", 'Project Chimera, another initiative at Vortex Corp, is reportedly ahead of schedule.', 'The user interface for Project Nebula has received positive feedback from early testers.', 'The budget for Project Nebula in Q4 will be increased to cover delay costs.']",The Q3 launch of Project Nebula was postponed due to a critical security flaw or vulnerability discovered in the authentication module of the QuantumLeap framework.
2,What happens to Sunstone Amulets when they are brought into the Shadow Fen?,"[""When a Sunstone Amulet is brought into the Shadow Fen, its magical energy is completely nullified by the region's ambient dark magic."", ""A Sunstone Amulet loses all of its power upon entering the Shadow Fen, as the area's pervasive necrotic energies drain it entirely."", 'Sunstone Amulets are crafted from petrified sunlight and woven with silver threads.', 'The Shadow Fen is a vast, magical swamp on the southern border of Aethelgard.', 'To recharge a Sunstone Amulet, it must be left in direct sunlight.', ""Other magical items, like the Shield of Dawn, are resistant to the Fen's magic."", 'The last king of Aethelgard was said to have been lost in the Shadow Fen.', ""The flora in the Shadow Fen includes the dangerous 'Grasping Vine' plant."", 'Crafting a Sunstone Amulet requires a complex incantation known only to mages.', 'The amulets are a symbol of the Aethelgardian royal family.']","When Sunstone Amulets are brought into the Shadow Fen, their power is completely drained or nullified by the area's dark magic."
3,What is the sole food source for the Glimmerwing Moths of Aeridor?,"['The diet of the Glimmerwing Moth is highly specialized, as it feeds exclusively on the pollen of the nocturnal Moonsilk Flower.', 'The only substance that Glimmerwing Moths consume for sustenance is the pollen from the Moonsilk Flower, a rare bloom.', 'Glimmerwing Moths are found only in the Crystal Spires region of Aeridor.', 'The wings of a Glimmerwing Moth are prized for their iridescent dust.', 'The Moonsilk Flower only blooms during a full moon on Aeridor.', 'Aeridor is also home to the Stone-Hide Wyvern, a natural predator of the moth.', 'The lifespan of a Glimmerwing Moth is a single lunar cycle.', 'Many attempts to cultivate the Moonsilk Flower outside of Aeridor have failed.', 'The larval stage of the Glimmerwing Moth lives inside crystalline structures.', 'The Crystal Spires are giant, translucent mountains that hum with energy.']",The sole food source for the Glimmerwing Moths of Aeridor is the pollen of the Moonsilk Flower.
4,"According to the Lumina Accords, what is the designated purpose of 'quiet zones'?","[""The designated purpose of 'quiet zones' in shared habitats is to provide a sensory-neutral space for species with hypersensitive abilities."", ""'Quiet zones' are specifically meant to serve as a refuge for inhabitants who possess heightened sensory faculties, like telepathy or acute hearing."", 'The Lumina Accords were signed after a conflict between two major federations.', 'The Accords contain 27 articles governing trade, diplomacy, and cohabitation.', 'The Cygnans are a non-verbal, telepathic species covered by the Accords.', 'Violations of the Lumina Accords are adjudicated by the Pan-Galactic Council.', 'Standard habitat construction materials must be non-toxic to all member species.', 'Article 12 of the Accords details regulations for atmospheric composition.', ""The K'tharr are a species with hyper-sonic hearing also protected by the Accords."", 'Each shared habitat must have its charter ratified by an Accords representative.']",The designated purpose of 'quiet zones' is to provide a sensory-neutral space or refuge for species with hypersensitive abilities.
5,What material is the 'Pylon of Ozym' made from?,"['Analysis confirms the Pylon of Ozym is not made of any known metal but is composed entirely of solidified, hyper-dense neutrino-ium.', 'Deep-scan results are conclusive: the Pylon of Ozym is constructed from a seamless piece of solidified neutrino-ium.', 'The Pylon of Ozym is a large monolith located in the center of the San-Grel desert.', 'The Pylon stands exactly 1,337 meters tall and emits a low, constant hum.', ""Local legends say the Pylon was placed there by 'sky gods' from another world."", 'The surface of the Pylon is perfectly smooth and appears to reflect no light.', 'Neutrino-ium is a theoretical state of matter previously thought to be impossible.', 'Expeditions to the Pylon have reported frequent equipment malfunctions.', ""The name 'Ozym' is a local tribal word that means 'eternal' or 'unwavering'."", ""No known tool or weapon has ever been able to scratch the Pylon's surface.""]","The Pylon of Ozym is made from solidified, hyper-dense neutrino-ium."
6,"In the programming language CortexScript, what does the '->>' operator do?","[""In CortexScript, the '->>' operator is used to channel the output of one asynchronous 'Cognate' function directly into another."", ""The purpose of the '->>' operator in CortexScript is to pipe the results from one asynchronous 'Cognate' into the next one in a pipeline."", 'CortexScript is a language designed for interfacing with neural network APIs.', ""A 'Cognate' in CortexScript is a special type of asynchronous generator function."", ""The standard assignment operator in CortexScript is ':=', not the more common '='."", ""Error handling in CortexScript is managed through 'try...except' blocks."", 'Version 3.0 of CortexScript introduced major performance improvements.', ""The '=>' operator in the language is used for defining anonymous lambda functions."", 'CortexScript was developed by the AI research firm Neuromancer Labs.', ""Variables in CortexScript are declared using the 'let' keyword.""]",The '->>' operator is used to channel or pipe the output of one asynchronous 'Cognate' function into another.
7,What is the cause of Hyper-Chrono Displacement in 'Warp-Slinger' pilots?,"[""Hyper-Chrono Displacement is a condition caused by prolonged exposure to temporal fluctuations from the ship's 'Reality Anchor' during FTL travel."", ""The cause of Hyper-Chrono Displacement in pilots is long-term exposure to the small temporal waves generated by a 'Warp-Slinger's' Reality Anchor."", ""'Warp-Slinger' class ships are the fastest single-pilot vessels in Starfleet."", 'Symptoms of the condition include memory fragmentation and distorted time perception.', 'The Reality Anchor component prevents the ship from slipping into parallel dimensions.', 'Standard starship crews are shielded from most forms of FTL radiation.', 'Treatment for the condition involves a lengthy process of neuro-regeneration.', ""The first documented case was pilot Jax 'Comet' Riley after a record run."", 'Pilots are now limited to a maximum of 500 FTL hours per year.', ""The 'Warp-Slinger' program is currently under a safety review.""]",Hyper-Chrono Displacement is caused by prolonged exposure to temporal fluctuations or waves generated by the ship's 'Reality Anchor'.
8,What key ingredient gives 'Phlorian Salt' its color-changing properties?,"[""The color-changing property of Phlorian Salt comes from pulverized 'Emberfly' crystals, which are known to be thermochromic."", 'Phlorian Salt changes color due to its key ingredient: ground-up crystals from the Emberfly, a substance that reacts to temperature.', 'Phlorian Salt is harvested from the saline marshes of the planet Elador IV.', 'The salt has a complex flavor profile, described as both briny and sweet.', 'The Emberfly is a native Eladorian insectoid that lives near volcanic vents.', 'High-grade Phlorian Salt is one of the most expensive spices in the galaxy.', 'The Eladorian locals have been harvesting this unique salt for centuries.', 'Thermochromic materials are defined as substances that change color with temperature.', 'Chef Zorgon of the Celestial Cafe is a famous user of Phlorian Salt.', 'Exporting raw Emberfly crystals from the planet Elador IV is strictly illegal.']",The key ingredient that gives Phlorian Salt its color-changing properties is pulverized 'Emberfly' crystals.
9,"In the sport of Sky-Jousting, how is a 'Null Pass' maneuver scored?","[""In Sky-Jousting, a 'Null Pass' maneuver, where both lances break simultaneously, is awarded zero points to both competitors."", ""A 'Null Pass' in the sport of Sky-Jousting results in no points being scored by either jouster and is treated as a draw for that pass."", 'Sky-Jousting is the official state sport of the floating city of Aeria.', 'Competitors in the sport ride trained aerial mounts called Gryphons.', 'A standard Sky-Jousting match is made up of five separate passes.', 'Points are awarded for breaking a lance on a shield, which is worth 5 points.', 'Unseating an opponent from their mount is worth a total of 20 points.', 'The lances used by the jousters are made from lightweight Cloudwood.', ""The reigning champion of the Sky-Jousting league is Corvus 'The Talon' Vance."", ""Aeria's Grand Arena can hold up to 80,000 spectators for major events.""]",A 'Null Pass' maneuver is awarded zero points for either competitor.
10,What is the primary export of Zorblaxia?,"[""Zorblaxia's economy relies heavily on the export of crystallized snorflak, which is mined in the northern regions."", ""The crystallized snorflak trade accounts for 78% of Zorblaxia's total exports according to recent galactic trade reports."", 'Zorblaxia has three continents and seven oceans.', 'The capital city of Zorblaxia is Zorblax Prime.', 'Zorblaxian cuisine is known for its spicy flavors.', 'The Zorblaxian calendar has 15 months.', 'Traditional Zorblaxian music uses only percussion instruments.', 'Zorblaxian children attend school for 12 years.', 'The official language of Zorblaxia has 47 letters.', ""Zorblaxia's gravity is 1.3 times Earth's.""]",crystallized snorflak
11,How many moons orbit the planet Quixar?,"['Quixar, the seventh planet in the Yondar system, has exactly four moons: Xylo, Yandr, Zipt, and Worv.', ""Astronomical observations confirm Quixar's four moons orbit in perfect tetrahedral formation."", ""Quixar's atmosphere is composed mainly of methane."", 'The surface temperature of Quixar averages -200°C.', 'Quixar completes one rotation every 38 Earth hours.', 'Quixar was discovered in the year 2147 by Earth astronomers.', 'The largest moon, Xylo, has active volcanoes.', ""Quixar's magnetic field is unusually strong for its size."", 'No spacecraft has ever landed on Quixar.', ""Quixar's moons are all tidally locked to the planet.""]",four
12,What color is the sky on Florpion during daytime?,"[""Due to Florpion's unique atmospheric composition, the sky appears chartreuse during daylight hours."", ""Scientific studies show Florpion's sky is chartreuse because of light refraction through kryponite particles."", 'Florpion has no natural satellites.', 'The Florpion day lasts exactly 26 Earth hours.', ""Florpion's continents float on a liquid mantle."", 'Native Florpionians communicate through bioluminescence.', ""Florpion's oceans are composed of liquid ammonia."", 'The planet has no axial tilt, resulting in no seasons.', ""Florpion's gravity is 0.8 times that of Earth."", 'The first Florpionian city was built underwater.']",chartreuse
13,What is the traditional greeting in Blimpton?,"[""The traditional greeting in Blimpton involves touching elbows while saying 'Flurp be with you'."", ""Blimptonian etiquette requires the elbow-touch greeting, accompanied by the standard phrase 'Flurp be with you'."", 'Blimpton has a population of approximately 3.2 billion.', 'The planet orbits a binary star system.', 'Blimptonian architecture features inverted pyramids.', 'All Blimptonian vehicles hover at least 10cm above ground.', 'Blimptonian water freezes at 50°C due to added minerals.', 'The Blimptonian government is a matriarchal oligarchy.', 'Blimptonian weeks have 9 days.', 'Blimptonian children are born with blue skin that darkens with age.']",'Flurp be with you' while touching elbows
14,Which element powers the engines of Vexian starships?,"[""Vexian starships use stabilized plasma from element 147 (called 'Vexium') to power their engines."", 'Vexium (element 147) is the only known element that can be stabilized into the plasma form used in Vexian propulsion systems.', 'Vexian starships can travel at 0.7 light speed.', 'The average Vexian starship crew consists of 12 members.', 'Vexian engineering uses a base-8 numbering system.', 'All Vexian starships are painted in chromatic colors.', 'Vexian navigation systems use quantum entanglement for positioning.', 'Vexium was discovered in the Andromeda galaxy.', 'Vexian starships cannot operate in atmospheres.', 'The first Vexian starship was built 500 years ago.']",Vexium (element 147)
15,What is the lifespan of a common Gloopfish?,"['The common Gloopfish has an average lifespan of 7 Galactic Standard Years (GSY).', 'Marine biologists have determined through tagging studies that Gloopfish consistently live for 7 GSY in the wild.', 'Gloopfish inhabit the methane lakes of Titanis Prime.', 'Gloopfish communicate through ultrasonic pulses.', 'A Gloopfish lays exactly 33 eggs each mating season.', 'Gloopfish scales are used in traditional medicine.', 'Predators of the Gloopfish include the Razorfin and the Gulper.', 'Gloopfish change color when stressed.', 'Gloopfish have three hearts arranged in a triangle.', 'The largest recorded Gloopfish was 1.2 meters long.']",7 Galactic Standard Years
16,On which day do the Xandrians celebrate their New Year?,"[""Xandrians celebrate their New Year on the day when both suns of their system align, known as 'Dual Zenith Day'."", ""Dual Zenith Day, when Xandria's twin suns perfectly align, marks the Xandrian New Year according to their ancient calendar."", 'Xandria has no axial tilt, resulting in consistent climate.', 'Xandrian trees grow upside down with roots in the air.', 'Xandrian water is naturally carbonated.', 'The Xandrian alphabet has only 12 letters.', 'Xandrian animals have six limbs as standard.', 'Xandrian buildings are constructed from living coral.', 'Xandrian children are educated via dream-sharing.', 'Xandrian years last 400 Earth days.']",Dual Zenith Day
17,What material is used to make currency in Triskelion?,"['Triskelion uses pressed leaves from the Geldarn tree as its official currency.', 'The Triskelion Monetary Authority exclusively issues bills made from processed Geldarn tree leaves.', 'Triskelion has a breathable nitrogen-methane atmosphere.', ""The Geldarn tree grows only in Triskelion's southern hemisphere."", ""Triskelion's government is a direct democracy with daily voting."", 'Triskelionian art is always four-dimensional.', 'Triskelionians hibernate for one month each year.', ""Triskelion's oceans are composed of liquid nitrogen."", 'Triskelionian music uses frequencies inaudible to humans.', 'Triskelion has three moons in a stable figure-8 orbit.']",pressed leaves from the Geldarn tree
18,How do you activate a Nebulon communicator?,"['To activate a Nebulon communicator, you must press the central crystal while humming at 432 Hz.', 'Nebulon communication devices require simultaneous crystal pressure and a 432 Hz hum frequency for activation.', 'Nebulon technology operates on quantum principles.', 'The Nebulon homeworld has extreme gravitational fluctuations.', 'Nebulon children are born with full language comprehension.', 'Nebulon architecture incorporates eleven spatial dimensions.', 'Nebulon food is consumed in gaseous form.', 'Nebulon days are divided into 100 segments.', 'Nebulon animals photosynthesize at night.', 'Nebulon water is a superconductor at room temperature.']",press the central crystal while humming at 432 Hz
19,What is the main ingredient in Plorgonian stew?,"['Plorgonian stew is made primarily from fermented tubers of the Plorg plant.', 'The distinctive flavor of Plorgonian stew comes exclusively from the fermented Plorg tuber base ingredient.', 'Plorgonian chefs train for 15 years before certification.', 'Plorg tubers grow only in volcanic soil.', 'Plorgonian dining rituals involve eating with the left hand only.', 'The Plorg plant blooms once every decade.', 'Plorgonian tableware is made from compressed carbon.', 'Plorgonian celebrations last for 11 days.', 'Plorgonian timekeeping is based on water evaporation rates.', 'The Plorgonian language has no verbs.']",fermented tubers of the Plorg plant
