question;context;answer;doc_id
What kind of energy does the facility hovering the planet Xylos produce?;["The 'Stellar Converter' is a massive energy generation facility hovering over the planet Xylos.", "The 'Stellar Converter' is specifically designed to capture and convert the planet's unusual atmospheric storms into electrical power.", "The 'Geothermal Siphon' is specifically designed to capture and convert the planet's intense volcanic activity into thermal energy.", "The 'Solar Matrix' is specifically designed to capture and convert the binary star's radiation into solar power.", "Atmospheric storms on Xylos are exceptionally powerful.", "Building the converter required significant resources.", "The generated power is distributed across the planet.", "Other planets in the system have different energy needs.", "Maintenance of the facility is a complex operation.", "The Stellar Converter is a recent technological achievement."];"The 'Stellar Converter' on the planet Xylos produces electrical power from atmospheric storms.";["A", "B", "C", "D", "E", "F", "G", "H", "I", "J"]
What is the primary defense of the creatures populating the Subterranean Caves?;["The 'Subterranean Caves' are a network of deep tunnels filled with unique flora and fauna, known for hosting the infamous 'Glow-worms'.", "Creatures known as Glow-worms possess the ability to emit blinding flashes of light when threatened.", "Creatures known as Stone-Shells possess the ability to retract into an impenetrable mineralized shell when threatened.", "Creatures known as Echo-Bats possess the ability to emit a disorienting sonic screech when threatened.", "The blinding flash temporarily disorients predators.", "Exploration of the caves is restricted.", "Other cave dwellers have different survival strategies.", "The light emitted is surprisingly intense.", "Glow-worms are typically small and segmented.", "The caves are constantly expanding due to seismic activity."];"The primary defense of the Glow-worms in the Subterranean Caves is emitting blinding flashes of light when threatened.";["A", "B", "C", "D", "E", "F", "G", "H", "I", "J"]
What is the main function of the device recently discovered in desert ruins?;["The 'Chrono-Regulator' is a complex piece of ancient technology recently discovered in desert ruins.", "Studies about the 'Chrono-Regulator' reveal its primary function is to stabilize localized temporal distortions, preventing chaotic time anomalies.", "Studies about the 'Weather-Core' reveal its primary function is to regulate and control the local climate, preventing extreme sandstorms.", "Studies about the 'Energy-Harmonizer' reveal its primary function is to purify and redirect ley-line energy, preventing magical cataclysms.", "The Chrono-Regulator requires an external power source to function.", "Artifacts like this are highly sought after by historians.", "The device is made of unknown alloys.", "Stabilizing temporal distortions is a challenging task.", "The Chrono-Regulator emits a faint hum when active.", "Its creators' motives remain unknown."];"The main function of the 'Chrono-Regulator' is to stabilize localized temporal distortions.";["A", "B", "C", "D", "E", "F", "G", "H", "I", "J"]
What is the composition of the natural wonder of planet Ntunu?;["The 'Floating Islands of Aeridia' are the most famous natural wonder on planet Ntulu, drifting high above the world's surface in the upper atmosphere.", "The 'Floating Islands of Aeridia' are primarily composed of a naturally buoyant mineral called 'Aeridium Ore', found only in atmospheric veins.", "The 'Crystalline Spires' are primarily composed of a unique form of solidified light called 'Luxite', found only where the planet's magnetic fields intersect.", "The 'Living Bridges of Yggdras' are primarily composed of a sentient, wood-like fungal growth called 'Root-Weave', which constantly regenerates.", "Aeridium Ore is lightweight and crystalline.", "The islands move slowly across the sky.", "Many cultures consider the islands sacred.", "The ore has no other known practical use.", "Large waterfalls cascade from the edges of some islands.", "Studies are ongoing to understand how the ore retains buoyancy."];"The 'Floating Islands of Aeridia' are primarily composed of 'Aeridium Ore'".;["A", "B", "C", "D", "E", "F", "G", "H", "I", "J"]
What is the traditional weapon of the defenders of the Citadel?;["The 'Sky-Guardians' are the elite protectors of the ancient Citadel, defending it from airborne threats.", "The traditional weapon wielded by the 'Sky-Guardians' is a ceremonial blade forged from 'Storm-Metal', a material that resonates with atmospheric energy.", "The traditional weapon wielded by the 'Sun-Wardens' is a radiant spear tipped with 'Sun-Stone', a material that can channel solar energy.", "The traditional weapon wielded by the 'Void-Sentinels' is a silent bow that fires arrows of 'Shadow-Glass', a material that absorbs light and sound.", "Storm-Metal is rare and difficult to work with.", "The blades are passed down through generations.", "Other guardians use different weapons.", "The blades glow faintly during thunderstorms.", "Training the Sky-Guardians is a rigorous process.", "The Citadel has stood for millennia."];"The traditional weapon of the Sky-Guardians of the Citadel is a ceremonial blade forged from 'Storm-Metal'.";["A", "B", "C", "D", "E", "F", "G", "H", "I", "J"]
What kind of power source is used by the ancient constructs found in the Desert of Bones?;["In the desolate 'Desert of Bones', ancient War Golems have been unearthed from the shifting sands.", "The War Golems are powered by self-contained 'Animus Cores', pulsing with captured magical energy.", "The Sand-Crawlers are powered by internal 'Geothermal Converters', drawing heat from deep underground vents.", "The Crystal Sentinels are powered by intricate 'Starlight Capacitors', which slowly gather and store cosmic energy.", "Animus Cores are remnants of powerful spirits.", "The golems are still capable of limited function.", "Other constructs use different power sources.", "Retrieving a full Animus Core is extremely dangerous.", "The sandstorms in the desert are legendary.", "The golems were originally designed for defense."];"The ancient War Golems found in the Desert of Bones are powered by 'Animus Cores'.";["A", "B", "C", "D", "E", "F", "G", "H", "I", "J"]
What is the primary ingredient of the most famous healing potion?;["'Sunpetal Balm' is the most famous potion known for its rapid regenerative properties.", "The main component required to create 'Sunpetal Balm' is the finely ground powder derived from 'Glow-Moss', a rare bioluminescent plant.", "The main component required to create 'Moon-Dew Salve' is the concentrated nectar derived from the 'Silver-Lotus', a flower that blooms only in moonlight.", "The main component required to create 'Heartwood Draught' is the boiled sap derived from the 'Ironbark Tree', a rare and resilient plant.", "The process for grinding Glow-Moss is delicate.", "Other healing remedies exist, but the Balm is potent.", "The Balm has a slightly golden color.", "Glow-Moss emits a soft light.", "Creating the Balm requires alchemical skill.", "The effects of the Balm are nearly instantaneous."];"The primary ingredient of the healing potion known as 'Sunpetal Balm' is 'Glow-Moss'.";["A", "B", "C", "D", "E", "F", "G", "H", "I", "J"]
What defensive ability is possessed by the strongest creature found in Bioluminescent Forest?;["The 'Bioluminescent Forest' is a vibrant ecosystem teeming with unique life forms that emit light. The strongest creature inhabiting that forest is the 'Thorned Crawler'.", "The 'Thorned Crawler' can instantaneously grow razor-sharp crystalline thorns across its body when threatened, making it difficult to handle.", "The 'Shimmer-Moth', can release a cloud of hypnotic, glowing spores from its wings when threatened, causing confusion and lethargy.", "The 'Phase-Lurker', can temporarily shift its body into an intangible state when threatened, allowing attacks to pass through it harmlessly.", "The crystalline thorns are brittle once detached.", "Other creatures in the forest use camouflage.", "The Crawler feeds on glowing insects.", "The thorns regrow quickly.", "Explorers must wear protective gear in the forest.", "The forest is located in a hidden valley."];"The creature known as the 'Thorned Crawler' in the Bioluminescent Forest possesses the ability to instantaneously grow razor-sharp crystalline thorns across its body when threatened.";["A", "B", "C", "D", "E", "F", "G", "H", "I", "J"]
What is the energy source of the massive orbital platform orbiting planet Xylos?;["The 'Aegis Station' is a huge orbital platform positioned above the planet Xylos, dedicated to planetary defense.", "Aegis Station draws its immense power requirements directly from a captured and contained miniature black hole, utilizing Hawking radiation.", "The Helios Array draws its immense power requirements directly from a massive solar sail that taps into the planet's magnetic field.", "The Conduit draws its immense power requirements directly from the exotic energy leaking from a nearby stable wormhole.", "Containment fields require constant energy input.", "The station serves as a primary defense point.", "Other orbital platforms use different power methods.", "Maintaining the containment is the station's most critical task.", "The station houses a large crew.", "The technology for containing black holes is cutting-edge."];"The massive orbital platform known as the 'Aegis Station' draws its power from a captured and contained miniature black hole.";["A", "B", "C", "D", "E", "F", "G", "H", "I", "J"]
What is the population of the capital of the biggest country in Xylos-7?;["The biggest country in Xylos-7 is Eldoria, most of whose people live in the capital, Aethelgard.", "Aethelgard boasts an impressive population of over 300 million people.", "Karthus boasts a sprawling population of just under 50 million people.", "Solara City boasts an impressive population of nearly half a billion inhabitants.", "The people of Eldoria are known for their harmony with nature.", "Aethelgard's architecture features structures built around ancient trees.", "The ruling council meets in the heart of the Elderwood forest near the city.", "Magical wards protect the borders of Eldoria from outside threats.", "Trade within Eldoria relies heavily on river barges and forest paths.", "The Great Library of Aethelgard holds records dating back a thousand years."];"The population of the capital of Eldoria is 300 million people.";["A", "B", "C", "D", "E", "F", "G", "H", "I", "J"]
What's the weather like in the capital of Zhykara?;["The capital of Zhykara, located on planet Veridia Prime, is Ktharr City.", "Ktharr City is facing one of the biggest snow storms of the year.", "Arrakis Prime is experiencing a severe sandstorm that has reduced visibility to zero.", "Hydrospire is currently under alert for a period of intense acid rain.", "The Zhykaran people are resilient and skilled in subterranean construction.", "Ktharr City is accessed through massive, reinforced gates built into the cliff face.", "Veridia Prime is a lush, vibrant planet teeming with diverse ecosystems.", "Vast, interconnected oceans cover over seventy percent of its surface.", "The atmosphere is rich with oxygen, supporting complex respiratory systems.", "Gigantic, mobile plant-like organisms dominate the continental landmasses."];"There is currently a snowstorm in the capital of Zhykara.";["A", "B", "C", "D", "E", "F", "G", "H", "I", "J"]
What's the value of the element obtained by mixing Aethelite and Pyron?;["Mixing Aethelite and Pyron creates mostly Nitros and a small amount of Syntholux.", "The value of Nitros lies in its unparalleled energy storage capacity.", "The value of Gravitine lies in its unique ability to create stable anti-gravity fields.", "The value of Kinetium lies in its remarkable property of converting kinetic energy directly into light.", "Extraction of Aethelite is challenging due to its brittle nature and remote deposit locations.", "Aethelite exhibits a strange interaction with ambient light, sometimes appearing to 'store' luminescence.", "Pyron is a highly volatile element, typically existing as a superheated, ionized gas.", "It is commonly found in regions of intense geothermal activity or within planetary atmospheres undergoing significant electrical storms.", "Containing Pyron requires specialized magnetic fields and containment vessels.", "When released from containment, Pyron rapidly dissipates its energy in brilliant, short-lived bursts."];"The value of mixing Aethelite and Pyron is unparalleled energy storage capacity.";["A", "B", "C", "D", "E", "F", "G", "H", "I", "J"]
What's the side effect of mixing Gravitium and Solara?;["Mixing Gravitium and Solara creates the new element Umbradium.", "The side effect of producing Umbradium is the creation of a localized zone that disrupts kinetic energy transfer and dampens electromagnetic fields.", "The side effect of producing Aetherium is the creation of a temporary rupture in local spacetime, causing minor temporal echoes.", "The side effect of producing Cryostone is an intense and rapid drop in ambient temperature, flash-freezing the immediate vicinity.", "Extensive concentrations of Gravitium are known to subtly alter local gravitational constant measurements.", "Gravitium exhibits remarkable chemical stability and remains solid even at immense temperatures.", "Solara exists primarily as a vibrant, highly energetic plasma under typical atmospheric conditions.", "Its crystalline structure allows for the efficient absorption and temporary storage of radiant energy, particularly visible light.", "Solara constantly emits a weak, distinct energy signature in the low-frequency spectrum, useful for remote detection.", "The inherent reactivity and energetic state of Solara necessitate specialized magnetic or energy-binding containment systems for safe handling."];"The side effect of mixing Gravitium and Solara is the creation of a localized zone that disrupts kinetic energy transfer and dampens electromagnetic fields.";["A", "B", "C", "D", "E", "F", "G", "H", "I", "J"]
What is the radius of the largest planet in the K'tharr System?;["The largest planet in the K'tharr System is the gas giant named Jormund.", "Jormund has an impressive radius of 95,000 kilometers.", "Typhon has a massive radius of 120,000 kilometers.", "Goliath has a more modest radius of 75,000 kilometers.", "Its star, K'tharr Prime, is smaller and cooler than Sol.", "The seven planets range from rocky inner worlds to gas giants.", "Jormund is notable for its chaotic, multi-colored storms.", "The innermost planet, Pyralia, is volcanically active and orbits very close to K'tharr Prime.", "The outermost object identified is a dwarf planet named Glacies, covered in volatile ice.", "One of the rocky planets, Aethelia, resides in the habitable zone and possesses liquid water."];"The radius of Jormund is 95.000 kilometers.";["A", "B", "C", "D", "E", "F", "G", "H", "I", "J"]
What is the population of the smallest planet in the Lumina System?;["The smallest planet in the system is the innermost rocky world, Cinder.", "Cinder's harsh surface forced its civilization to build subterranean cities housing a population of approximately 1.5 million.", "Hearth's geothermal vents support a deep-earth civilization housing a close-knit population of around 800,000.", "Forge's irradiated surface led its inhabitants to create shielded biodomes for a hardy population totaling nearly 3 million.", "Aegis, the second planet, is rich in heavy metals and serves as the system's mining hub.", "Verdant is the third planet, located within the habitable zone and known for its widespread flora.", "Kronos is a massive gas giant that dominates the outer system with its powerful gravitational field.", "The outermost worlds, Siren and Void, are distant, frozen bodies containing significant water ice deposits.", "Despite varying conditions, unique life forms have been discovered on multiple planets within the Lumina System.", "Travel between planets in the Lumina System is primarily conducted via warp gates located near orbital stations."];"The population of the smallest planet is approximately 1.5 million.";["A", "B", "C", "D", "E", "F", "G", "H", "I", "J"]
What is the title of the latest film starring the highest-paid actor on the planet Celestia?;["Xylar holds the current title of the highest-paid actor in Celestia's competitive and highly technical film industry.", "Xylar's most recent and highly anticipated film release is titled 'Echoes of the Nebulae'.", "Kaelen's most recent and highly anticipated film release is titled 'Chronoscape Anomaly'.", "Roric's most recent and highly anticipated film release is titled 'The Last Star-Sailor'.", "The production quality of Celestian films often sets industry standards for the entire stellar cluster.", "Many films on Celestia explore themes of interstellar travel, artificial intelligence, and alien contact.", "Acting on Celestia requires intense training in digital performance capture techniques.", "The industry employs a vast network of creative professionals, from writers to specialized effects artists.", "Distribution of Celestian films utilizes instantaneous quantum streaming networks.", "Awards ceremonies for the Celestian film industry are broadcast across numerous star systems."];"Xylar's most recent film release is titled 'Echoes of the Nebulae'.";["A", "B", "C", "D", "E", "F", "G", "H", "I", "J"]
What is the salary of the most popular actor on the planet Aethelon?;["Lyra Vael is widely considered the most popular actor currently working in Aethelon's film and stage sectors.", "Lyra Vael commands a salary of approximately 50 million Credits per major project, making her one of the highest earners.", "Joric Thorne commands a salary of a staggering 75 million Credits per major project, setting a new industry record.", "Seraphina commands a salary of a more modest 30 million Credits per major project, preferring artistically fulfilling roles.", "Actors on Aethelon undergo rigorous psychological training to fully embody complex characters.", "Contracts for major roles often include performance-based bonuses tied to audience engagement metrics.", "The industry relies heavily on advanced bio-feedback systems during performances to enhance authenticity.", "Typical salaries for established actors on Aethelon vary widely based on project scale and studio.", "Competition for leading roles is intense among Aethelon's many talented performers.", "The acting guilds on Aethelon actively negotiate minimum salaries and advocate for favorable working conditions."];"Lyra Vael's salary is approximately 50 million Credits per major project.";["A", "B", "C", "D", "E", "F", "G", "H", "I", "J"]
What is the title of the first album by the most popular Chrono-Wave musician on Riven Prime?;["The most popular musician within the Chrono-Wave genre on Riven Prime is Kaelen Echo", "Kaelen Echo's groundbreaking first album is titled 'Temporal Drift'.", "Phase Shifter's groundbreaking first album is titled 'Yesterday's Tomorrow'.", "DJ Rewind's groundbreaking first album is titled 'Future Echoes'.", "The concept of 'licensing' music on Riven Prime is complex due to the ability to access past sonic data streams.", "Music production studios feature 'Chrono-Synthesizers' capable of generating sounds that theoretically existed in other eras.", "Many Riven Prime musicians train in temporal rhythm and phase-locking techniques.", "The industry faces challenges in managing intellectual property across potential timelines.", "Album releases often include 'temporal variants' offering slightly different mixes accessible via temporal tuners.", "Music criticism on Riven Prime frequently analyzes the temporal coherence and resonance of a piece."];"Kaelen Echo's first album is titled 'Temporal Drift'".;["A", "B", "C", "D", "E", "F", "G", "H", "I", "J"]
What is the total number of plays for the most critically appreciated musician in the Crystalline Sound Weaving genre?;["The musician Seraphina is widely considered the most appreciated by critics within the Crystalline Sound Weaving genre.", "Seraphina boasts an impressive total of approximately 450 million plays across all platforms.", "Aethelred boasts a respectable total of approximately 200 million plays across all platforms.", "Harmonia boasts an impressive total of over 700 million plays across all platforms.", "Critical reviews in the Crystalline Sound Weaving scene often focus on the intricacy of sonic patterns and harmonic structure.", "Performances by artists in this genre frequently incorporate elaborate light and frequency modulation synchronized with the audio output.", "Many musicians on Harmonius use advanced bio-harmonic feedback systems to enhance the emotional depth of their compositions.", "Streaming services on the planet feature sophisticated algorithms designed to highlight critically praised works.", "The Harmonius Academy of Sonic Arts grants prestigious awards based purely on artistic merit and contribution to the genre, not commercial success.", "Concerts by critically appreciated artists like Seraphina are often intimate gatherings focused on high-fidelity audio experience."];"The total number of plays for Seraphina is approximately 450 million.";["A", "B", "C", "D", "E", "F", "G", "H", "I", "J"]
What is the effect of drinking water from the sacred spring located in the ancient Elderwood forest?;["The 'Font of Resonance' is the sacred spring located deep within the ancient Elderwood forest.", "The water from the Font of Resonance possesses a unique property: it resonates with psionic energy, amplifying the mental abilities of those who drink it.", "The water from the Spring of Clarity possesses a unique property: it grants temporary visions of the future to those who drink it.", "The water from the Pool of Serenity possesses a unique property: it instills a deep sense of peace and calm in those who drink it.", "Psionic energy is the energy of thought and consciousness.", "Drinking from the font is part of a traditional ritual.", "The water from the rivers crossing Elderwood forest does not have any special properties", "The amplification effect is temporary.", "The Font of Resonance is guarded by silent protectors.", "Ancient carvings surround the spring."];"It amplifies the mental abilities of those who drink it.";["A", "B", "C", "D", "E", "F", "G", "H", "I", "J"]
