question,context,answer,id
What are the two primary materials used to construct a Xylotian 'Sky-Skiff' hull?,"[""The lightweight frame of a Xylotian Sky-Skiff is primarily made from hardened 'Aero-Coral'."", ""For durability and energy shielding, the Aero-Coral frame of a Sky-Skiff is then clad in thin sheets of 'Noctilucent Metal'."", 'Xylotian ground vehicles are often made from volcanic rock.', 'Sky-Skiffs are typically piloted by a single Xylotian navigator.', 'The propulsion system of a Sky-Skiff utilizes focused solar winds.', ""Aero-Coral is a bio-engineered substance grown in Xylos's upper atmosphere."", ""The annual 'Great Xylotian Sky Race' features heavily modified Sky-Skiffs."", 'Noctilucent Metal glows faintly in the dark, a common aesthetic in Xylotian design.', ""Navigational tools on a Sky-Skiff include a 'Star-Compass' and a 'Wind-Gauge'."", 'Training to pilot a Sky-Skiff begins at a young age for many Xylotians.']",The two primary materials used to construct a Xylotian 'Sky-Skiff' hull are 'Aero-Coral' for the frame and 'Noctilucent Metal' for the cladding.,"['A', 'B', 'C', 'D', 'E', 'F', 'G', 'H', 'I', 'J']"
What two distinct abilities does a Xylotian 'Chrono-Weaver' possess?,"['A trained Xylotian Chrono-Weaver can subtly perceive echoes of recent past events in their immediate vicinity.', 'Furthermore, advanced Chrono-Weavers can project faint, localized temporal distortions, making objects appear to shimmer or briefly lag.', ""Xylotian cuisine often features 'Sun-Berries' which ripen instantly upon picking."", ""Chrono-Weavers often wear time-keeping amulets made of 'Hourglass Sandstone'."", ""The 'Temporal College' on Xylos is where Chrono-Weavers hone their skills."", 'The Xylotian concept of time is multi-linear, unlike simpler sequential models.', 'Uncontrolled temporal abilities can be dangerous, so Chrono-Weavers undergo rigorous training.', 'Many Xylotian myths involve legendary Chrono-Weavers who could allegedly halt time, though this is unproven.', 'Chrono-Weaving is considered more of an art than a science by many Xylotians.', ""The energy source for a Chrono-Weaver's abilities is drawn from ambient 'Temporal Flux'.""]","A Xylotian 'Chrono-Weaver' can perceive echoes of recent past events and project faint, localized temporal distortions.","['A', 'B', 'C', 'D', 'E', 'F', 'G', 'H', 'I', 'J']"
What are the two key functions of 'Symbiotic Spores' in Xylotian terraforming pods?,"[""Within Xylotian terraforming pods, 'Symbiotic Spores' are first tasked with breaking down hostile native soil into a nutrient-rich substrate."", 'Once the soil is viable, these same Symbiotic Spores then release dormant Xylotian flora seeds to begin atmospheric oxygenation.', ""The 'Seed Vaults' on Xylos contain genetic material for countless plant species."", 'Terraforming pods are launched from Xylos towards potentially habitable exoplanets.', ""The outer shell of a terraforming pod is made from 'Impact-Resistant Ceramite'."", 'Symbiotic Spores are genetically engineered for extreme environmental resilience.', ""Xylotian astronomers use 'Deep-Space Telescopes' to identify terraforming candidates."", 'The process initiated by Symbiotic Spores can take several Xylotian years to show significant results.', 'Each pod contains enough spores to initiate a small, localized ecosystem.', 'The success rate of Xylotian terraforming efforts has been steadily increasing.']",'Symbiotic Spores' in Xylotian terraforming pods first break down hostile soil into a nutrient-rich substrate and then release Xylotian flora seeds for atmospheric oxygenation.,"['A', 'B', 'C', 'D', 'E', 'F', 'G', 'H', 'I', 'J']"
What two types of energy are harvested by the 'Dual-Resonance Crystals' of Xylos?,"[""The 'Dual-Resonance Crystals' found deep within Xylos's crust are known to efficiently absorb ambient geothermal energy from the planet's core."", ""In addition to heat, these unique crystals also passively collect and store psychic energy emanated by Xylos's sentient life forms."", ""Xylotian vehicles primarily run on 'Bio-Luminescent Fuel Cells'."", 'These crystals are often a deep, pulsating blue color.', 'The energy stored in Dual-Resonance Crystals is used to power Xylotian cities.', 'Mining Dual-Resonance Crystals is a dangerous but vital Xylotian industry.', 'Xylotian art often depicts the geometric beauty of these crystals.', ""The 'Crystal Caves' where they are found are considered sacred by some Xylotians."", 'The size of a crystal correlates with its energy storage capacity.', ""Over-harvesting can destabilize the crystals' resonant frequencies.""]",The 'Dual-Resonance Crystals' of Xylos harvest geothermal energy and psychic energy.,"['A', 'B', 'C', 'D', 'E', 'F', 'G', 'H', 'I', 'J']"
What are the two main defensive mechanisms of a Xylotian 'Guardian Orb' drone?,"[""A Xylotian 'Guardian Orb' drone can emit a powerful, localized kinetic pulse to physically repel threats."", 'For less direct confrontations, the Guardian Orb can also generate a disorienting multi-spectral light pattern to confuse attackers.', ""The 'Festival of Aerial Drones' showcases the latest Xylotian drone technology."", 'Guardian Orbs are often deployed to protect sensitive Xylotian installations.', 'These drones are autonomously controlled by a central AI network.', 'The outer casing of a Guardian Orb is made of self-repairing polymers.', ""Xylotian 'Peacekeeper' units often work in tandem with Guardian Orbs."", ""Guardian Orbs recharge at designated 'Energy Pylons'."", 'Their primary sensor suite includes advanced optical and thermal imaging.', 'The design of the Guardian Orb has remained largely unchanged for decades due to its effectiveness.']",A Xylotian 'Guardian Orb' drone's main defensive mechanisms are emitting a kinetic pulse and generating a disorienting multi-spectral light pattern.,"['A', 'B', 'C', 'D', 'E', 'F', 'G', 'H', 'I', 'J']"
What are the two primary components used in the creation of 'Lumin-Ink' by Xylotian scribes?,"[""Xylotian 'Lumin-Ink', prized for its enduring glow, is primarily formulated from finely crushed 'Glow-Geodes'."", ""This geode powder is then suspended in a viscous sap extracted from the 'Aether-Blossom' plant to create the final ink."", 'Xylotian cuisine often features edible flowers, but not the Aether-Blossom.', 'Lumin-Ink is traditionally used for inscribing sacred Xylotian texts.', 'The color of the glow can vary depending on the specific type of Glow-Geode used.', ""Aether-Blossoms only bloom under the light of Xylos's twin moons."", 'Xylotian printing presses use a different, more mundane type of ink for mass production.', ""The 'Great Library of Xylos' contains scrolls written entirely in Lumin-Ink."", 'The art of Lumin-Ink making is passed down through generations of scribes.', 'Texts written in Lumin-Ink can be read even in complete darkness.']",The two primary components used in 'Lumin-Ink' are crushed 'Glow-Geodes' and sap from the 'Aether-Blossom' plant.,"['A', 'B', 'C', 'D', 'E', 'F', 'G', 'H', 'I', 'J']"
What two sensory inputs does the 'Pathfinder Helm' integrate for Xylotian explorers?,"[""The Xylotian 'Pathfinder Helm' incorporates 'Echo-Location Sonar' to map out the immediate physical surroundings, even in zero visibility."", ""Additionally, the helm is equipped with 'Bio-Sign Scanners' to detect and highlight living organisms within a certain radius."", ""The most popular recreational sport on Xylos is 'Zero-G Acrobatics'."", 'Pathfinder Helms are standard issue for Xylotian reconnaissance teams.', ""The visor of the helm is made from 'Crystal-Quartz', offering impact protection."", 'Data from the helm can be transmitted to a central command unit.', ""Xylotian explorers often carry 'Survival Packs' with rations and tools."", ""The helm's power cell provides up to 72 Xylotian hours of continuous operation."", 'Early prototypes of the Pathfinder Helm were much bulkier.', 'The helm also provides basic atmospheric analysis.']",The 'Pathfinder Helm' integrates 'Echo-Location Sonar' for physical mapping and 'Bio-Sign Scanners' for detecting life forms.,"['A', 'B', 'C', 'D', 'E', 'F', 'G', 'H', 'I', 'J']"
What two distinct phases define the operation of a Xylotian 'Matter Re-sequencer'?,"[""The initial phase of a Xylotian 'Matter Re-sequencer' involves 'Atomic Deconstruction', where the target object is broken down into its base elemental components."", ""Following deconstruction, the 'Pattern Imprinting' phase reassembles these components according to a new digital blueprint."", ""Xylotians primarily communicate using 'Telepathic Resonance Bands'."", 'Matter Re-sequencers are used for rapid prototyping and custom manufacturing on Xylos.', 'The energy requirements for a Matter Re-sequencer are substantial.', 'Only non-sentient matter can be processed by current Re-sequencer technology due to ethical protocols.', 'Xylotian culinary artists sometimes use small-scale Re-sequencers for creating novel food textures.', ""The 'Xylotian Council of Innovators' oversees the development of Re-sequencer technology."", 'Complex items can take several minutes to re-sequence.', 'Error correction protocols are vital to ensure accurate re-sequencing.']",A Xylotian 'Matter Re-sequencer' operates in two phases: 'Atomic Deconstruction' and 'Pattern Imprinting'.,"['A', 'B', 'C', 'D', 'E', 'F', 'G', 'H', 'I', 'J']"
What are the two main functions of the 'Aura-Cloak' worn by Xylotian diplomats?,"[""The Xylotian 'Aura-Cloak' is designed to subtly dampen the wearer's strong emotional projections, preventing unintended psychic interference during sensitive negotiations."", ""Simultaneously, the cloak projects a field of 'Calm-Resonance', which can help soothe agitated individuals in the wearer's vicinity."", ""Xylotian starships are equipped with advanced 'Translation Matrixes' for communication."", ""Aura-Cloaks are woven from 'Psyche-Neutral Fibers'."", ""The design of an Aura-Cloak often signifies the diplomat's home region on Xylos."", 'Xylotian diplomatic missions are crucial for maintaining inter-species relations.', ""The 'Xylotian Diplomatic Corps' is highly respected."", ""The effectiveness of an Aura-Cloak can be influenced by the wearer's own mental discipline."", 'These cloaks are not designed for physical protection.', 'Each Aura-Cloak is individually attuned to its wearer.']",The 'Aura-Cloak' dampens the wearer's emotional projections and projects a field of 'Calm-Resonance'.,"['A', 'B', 'C', 'D', 'E', 'F', 'G', 'H', 'I', 'J']"
What two types of information are encoded onto a Xylotian 'Legacy Crystal'?,"[""A Xylotian 'Legacy Crystal' is traditionally imbued with a detailed 'Lineage Record', chronicling the direct ancestors of the crystal's creator."", ""Beyond genealogy, these crystals also store a 'Core Essence Imprint', a psychic snapshot of the creator's personality and defining memories."", ""Xylotian children play a popular board game called 'Star-Hopper Quest'."", 'Legacy Crystals are often passed down as family heirlooms on Xylos.', 'The process of imbuing a Legacy Crystal is a deeply personal and ceremonial act.', 'These crystals glow with a soft, internal light that reflects the stored essence.', ""Xylotian 'Crystal Readers' are sometimes consulted to interpret older Legacy Crystals."", ""The 'Hall of Ancestors' on Xylos displays many prominent Legacy Crystals."", 'The physical structure of the crystal must be flawless to hold the complex information.', 'A Legacy Crystal cannot be altered once the imbuing process is complete.']",A Xylotian 'Legacy Crystal' encodes a 'Lineage Record' and a 'Core Essence Imprint'.,"['A', 'B', 'C', 'D', 'E', 'F', 'G', 'H', 'I', 'J']"
What are the topics of the books Sarah and Michael are reading?,"[""Sarah is reading a book about dragons."", ""Michael is reading a book about ancient castles."", ""The sun is shining brightly today."", ""My favorite color is blue."", ""Cars drive on the road."", ""Trees have green leaves in summer."", ""The cat is sleeping on the mat."", ""Birds can fly high in the sky."", ""Water is essential for life."", ""Computers are useful tools.""]",Sarah is reading about dragons and Michael is reading about ancient castles.,"['A', 'B', 'C', 'D', 'E', 'F', 'G', 'H', 'I', 'J']"
Where did the family go on Saturday and what did they do?,"[""The family went to the beach on Saturday."", ""On Saturday at the beach, my family built a large sandcastle."", ""The train arrived at the station on time."", ""She enjoys listening to classical music."", ""The baker made fresh bread this morning."", ""Mountains are very tall."", ""The chef is preparing dinner in the kitchen."", ""He bought a new bicycle yesterday."", ""The moon is visible at night."", ""School starts at eight o'clock.""]",The family went to the beach on Saturday and built a large sandcastle.,"['A', 'B', 'C', 'D', 'E', 'F', 'G', 'H', 'I', 'J']"
What colors did Alex use to paint his toy car?,"[""Alex painted his toy car bright red."", ""Alex used some yellow paint for the car's stripes."", ""The dog barked at the mailman."", ""Pencils are used for writing."", ""The farmer grows corn in the field."", ""She wore a warm scarf in the winter."", ""The river flows towards the sea."", ""He likes to play video games."", ""The library is a quiet place."", ""Stars twinkle in the night sky.""]",Alex painted his toy car bright red and used yellow for the stripes.,"['A', 'B', 'C', 'D', 'E', 'F', 'G', 'H', 'I', 'J']"
What special abilities do the Gleepglorp and the Flumph from planet Xylar possess?,"[""The Gleepglorp from planet Xylar can manipulate Zylonic energy for teleportation."", ""A rare Flumph, also from Xylar, emits Quirkle Crystals that enhance its camouflage."", ""Many stories tell of brave Knorbols."", ""The Blargon festival happens every Floopy cycle."", ""Sky-skiffs are common transport in a Flibbertown."", ""Glimmering Floofel-dust is prized by artisans."", ""The wind chimes played a strange melody."", ""Old maps sometimes show imaginary lands."", ""The lunar cycle affects the tides of Blorb."", ""Not all portals lead to safe destinations.""]","The Gleepglorp can manipulate Zylonic energy for teleportation, and the Flumph emits Quirkle Crystals that enhance its camouflage.","['A', 'B', 'C', 'D', 'E', 'F', 'G', 'H', 'I', 'J']"
What distinct characteristics do elephants have?,"[""The elephant has large, floppy ears."", ""The elephant uses its long trunk to drink water."", ""Fish live in water."", ""The zookeeper feeds the lions."", ""Birds build nests in trees."", ""The cheetah is a very fast runner."", ""Butterflies have colorful wings."", ""The farmer keeps chickens for eggs."", ""Snakes can slither on the ground."", ""Whales are large marine mammals.""]","Elephants have large, floppy ears and use their long trunk to drink water.","['A', 'B', 'C', 'D', 'E', 'F', 'G', 'H', 'I', 'J']"
What are the key ingredients needed for a cake recipe?,"[""To make a cake, you need flour and sugar."", ""You will need eggs and butter for a cake recipe."", ""Pizza is a popular dish."", ""He eats an apple every day."", ""The restaurant serves delicious pasta."", ""Oranges are a good source of Vitamin C."", ""She is making a shopping list."", ""The grocery store is open until 9 PM."", ""He prefers tea over coffee."", ""Vegetables are healthy to eat.""]","The key ingredients for a cake are flour, sugar, eggs, and butter.","['A', 'B', 'C', 'D', 'E', 'F', 'G', 'H', 'I', 'J']"
Which tools does a carpenter use and what are their stated purposes?,"[""The carpenter uses a hammer to drive nails."", ""The carpenter uses a saw to cut wood."", ""The doctor works at the hospital."", ""Teachers help students learn new things."", ""The firefighter wears a special uniform."", ""Musicians play instruments."", ""The pilot flies an airplane."", ""A writer creates stories."", ""The scientist conducts experiments."", ""An artist paints beautiful pictures.""]",A carpenter uses a hammer to drive nails and a saw to cut wood.,"['A', 'B', 'C', 'D', 'E', 'F', 'G', 'H', 'I', 'J']"
Where are the Orb of Zinthar and the Scepter of Mydor believed to be located?,"[""The Orb of Zinthar is hidden deep within the treacherous Whispering Peaks."", ""Legends say the Scepter of Mydor lies guarded in the Sunken City of Aerilon."", ""Grelnockers often search for lost trinkets."", ""The ancient texts of Ploorf are hard to decipher."", ""Many adventurers seek the Crystal Caves of Nom."", ""A good Vorpal blade is sharp and reliable."", ""The air was thick with an unknown scent."", ""Strange symbols were carved into the stone door."", ""The old kingdom of Eldoria had many secrets."", ""Not every shining gem holds magical power.""]","The Orb of Zinthar is hidden in the Whispering Peaks, and the Scepter of Mydor is in the Sunken City of Aerilon.","['A', 'B', 'C', 'D', 'E', 'F', 'G', 'H', 'I', 'J']"
What are the roles or professions of Elara Vayne and Jax Korden?,"[""Elara Vayne is the chief Star-Navigator of the starship 'Wanderer'."", ""Jax Korden serves as the primary Rift-Warden protecting the Chronos Gate."", ""The Council of Elders will meet at moonhigh."", ""Zorpian ale is a popular drink in the Outer Rim."", ""Many young Squibs dream of joining the Sky Guard."", ""The markets of Xylos offer exotic goods."", ""He wore the insignia of a forgotten legion."", ""She hummed a tune from an old space shanty."", ""The prophecy spoke of a chosen Zoodle."", ""Learning the ancient Floopy tongue is difficult.""]","Elara Vayne is the chief Star-Navigator of the starship 'Wanderer', and Jax Korden is the primary Rift-Warden protecting the Chronos Gate.","['A', 'B', 'C', 'D', 'E', 'F', 'G', 'H', 'I', 'J']"
What are the primary uses described for the 'Chrono-Modulator' or for the 'Bio-Harmonizer'?,"[""The 'Chrono-Modulator' device is primarily used to create temporary Reality Stabilizers in unstable zones."", ""A 'Bio-Harmonizer' implant allows for direct Neural Augmentation, improving cognitive functions."", ""Flux capacitors require careful calibration."", ""The energy cells of a Plinkerton device last for eons."", ""Not all teleportation devices are safe for organic matter."", ""The main reactor of the Narflax is offline."", ""Repairing a Zylothian hyperdrive is complex."", ""Data-crystals can store vast amounts of information."", ""The universal translator sometimes makes comical errors."", ""Shield generators protect against space debris and Floopy rays.""]","The 'Chrono-Modulator' is used to create temporary Reality Stabilizers, and the 'Bio-Harmonizer' allows for Neural Augmentation.","['A', 'B', 'C', 'D', 'E', 'F', 'G', 'H', 'I', 'J']"
What are the two core elements that power a Zephyrian 'Storm-Engine'?,"[""A Zephyrian 'Storm-Engine' harnesses the raw power of 'Lightning Essence' captured during atmospheric tempests."", ""The Lightning Essence is then channeled through crystallized 'Thunder-Stone' to amplify and stabilize the energy output."", ""Zephyrian weather patterns follow a 12-day cycle."", ""The 'Wind-Riders' of Zephyr are skilled aerial acrobats."", ""Storm-Engines require regular maintenance to prevent overloading."", ""Zephyrian architecture often incorporates natural wind channels."", ""The Great Storm of Zephyr occurs every seven years."", ""Thunder-Stones glow with an inner electric blue light."", ""Zephyrian engineers study at the Academy of Atmospheric Sciences."", ""Lightning Essence can be stored for up to three Zephyrian months.""]","A Zephyrian 'Storm-Engine' is powered by 'Lightning Essence' and 'Thunder-Stone'.","['A', 'B', 'C', 'D', 'E', 'F', 'G', 'H', 'I', 'J']"
What two abilities does a Valorian 'Mind-Smith' possess in their craft?,"[""A Valorian 'Mind-Smith' can forge 'Thought-Metal' by solidifying pure mental energy into physical form."", ""Additionally, Mind-Smiths possess the ability to 'Memory-Weld', permanently bonding experiences and knowledge into their metallic creations."", ""Valorian festivals celebrate the changing of the seasons."", ""The Forge-Guild of Valor oversees all metalworking trades."", ""Mind-Smiths undergo decades of mental conditioning."", ""Thought-Metal items are highly prized throughout Valor."", ""The Great Forge of Valor burns with eternal flames."", ""Memory-Welding requires intense concentration and focus."", ""Valorian apprentices begin training at age twelve."", ""The Council of Smiths regulates the use of Mind-Smith abilities.""]","A Valorian 'Mind-Smith' can forge 'Thought-Metal' and perform 'Memory-Welding'.","['A', 'B', 'C', 'D', 'E', 'F', 'G', 'H', 'I', 'J']"
What are the two primary components of Neridian 'Depth-Armor'?,"[""Neridian 'Depth-Armor' is constructed with a base layer of 'Pressure-Scales' harvested from deep-sea creatures."", ""Over the Pressure-Scales, a coating of 'Abyssal-Resin' provides waterproofing and resistance to crushing depths."", ""Neridian cuisine features many varieties of kelp."", ""The Underwater Cities of Neridia are architectural marvels."", ""Depth-Armor allows Neridians to explore the deepest ocean trenches."", ""Pressure-Scales naturally adapt to changing water pressure."", ""The Deep-Sea Hunters of Neridia are legendary warriors."", ""Abyssal-Resin is collected from volcanic vents on the ocean floor."", ""Neridian children learn to swim before they can walk."", ""The Great Trench of Neridia descends to unknown depths.""]","Neridian 'Depth-Armor' is made from 'Pressure-Scales' and 'Abyssal-Resin'.","['A', 'B', 'C', 'D', 'E', 'F', 'G', 'H', 'I', 'J']"
What two functions does the Crystalline 'Echo-Lens' serve for Luminian scouts?,"[""The Crystalline 'Echo-Lens' allows Luminian scouts to perceive 'Light-Trails' left by moving objects, even hours after passage."", ""Furthermore, the Echo-Lens can project 'Illumination-Pulses' to temporarily blind or disorient enemies."", ""Luminian architecture emphasizes natural light sources."", ""The Crystal Caves of Lumina contain rare gems."", ""Echo-Lenses are crafted by master artisans."", ""Light-Trails appear as shimmering pathways to trained users."", ""Luminian scouts are essential for border patrol."", ""Illumination-Pulses can be seen from great distances."", ""The Guild of Lens-Crafters guards their secrets closely."", ""Luminian technology relies heavily on crystal-based devices.""]","The Crystalline 'Echo-Lens' perceives 'Light-Trails' and projects 'Illumination-Pulses'.","['A', 'B', 'C', 'D', 'E', 'F', 'G', 'H', 'I', 'J']"
What are the two distinct powers of a Draconian 'Fire-Heart' gem?,"[""A Draconian 'Fire-Heart' gem can generate 'Molten-Streams' of liquid fire that flow like water."", ""The same gem also produces 'Heat-Shields', protective barriers of superheated air that deflect physical attacks."", ""Draconian cuisine is known for its spicy flavors."", ""The Dragon Council meets in the Flame-Spire Tower."", ""Fire-Heart gems are found only in active volcano cores."", ""Molten-Streams can reach temperatures of several thousand degrees."", ""Draconian warriors train from childhood in fire-based combat."", ""Heat-Shields create a distinctive shimmering effect in the air."", ""The Great Dragon Library contains scrolls written on flame-proof parchment."", ""Fire-Heart gems pulse with an internal crimson glow.""]","A Draconian 'Fire-Heart' gem generates 'Molten-Streams' and produces 'Heat-Shields'.","['A', 'B', 'C', 'D', 'E', 'F', 'G', 'H', 'I', 'J']"
What two materials are essential for creating Sylvanian 'Grove-Cloth'?,"[""Sylvanian 'Grove-Cloth' begins with fibers from the 'Whisper-Willow' tree, known for their ethereal lightness."", ""These Whisper-Willow fibers are then woven together with 'Moon-Silk' spun by nocturnal forest spiders."", ""Sylvanian festivals honor the changing seasons."", ""The Forest-Weavers of Sylvania are master craftspeople."", ""Grove-Cloth is prized for its supernatural durability."", ""Whisper-Willow trees only shed their fibers during spring."", ""Moon-Silk has natural magical properties."", ""The Weaving-Halls of Sylvania echo with ancient songs."", ""Sylvanian garments are worn by nobility across many realms."", ""The Great Forest of Sylvania spans thousands of square miles.""]","Sylvanian 'Grove-Cloth' is made from 'Whisper-Willow' fibers and 'Moon-Silk'.","['A', 'B', 'C', 'D', 'E', 'F', 'G', 'H', 'I', 'J']"
What two capabilities does the Etherean 'Soul-Compass' provide to spirit guides?,"[""The Etherean 'Soul-Compass' enables spirit guides to detect 'Life-Auras' of living beings across great distances."", ""Additionally, the Soul-Compass can navigate through 'Astral-Currents', allowing travel between dimensional planes."", ""Etherean music is said to heal troubled souls."", ""The Spirit-Realm exists parallel to the physical world."", ""Soul-Compasses are attuned to their individual users."", ""Life-Auras appear as colored emanations around living creatures."", ""Etherean guides train for centuries to master their abilities."", ""Astral-Currents flow like invisible rivers between worlds."", ""The Temple of Eternal Light houses the first Soul-Compass."", ""Spirit guides serve as bridges between worlds.""]","The Etherean 'Soul-Compass' detects 'Life-Auras' and navigates 'Astral-Currents'.","['A', 'B', 'C', 'D', 'E', 'F', 'G', 'H', 'I', 'J']"
What are the two fundamental components of Mechanoid 'Gear-Blood'?,"[""Mechanoid 'Gear-Blood' is primarily composed of 'Liquid-Steel' that flows through their internal systems."", ""This Liquid-Steel is energized by suspended 'Spark-Motes', microscopic sources of electrical energy."", ""Mechanoid society values efficiency above all else."", ""The Forge-Cities of the Mechanoids never sleep."", ""Gear-Blood requires regular filtering to prevent contamination."", ""Liquid-Steel maintains optimal viscosity at all temperatures."", ""Mechanoid engineers constantly improve their designs."", ""Spark-Motes generate approximately 1.7 volts each."", ""The Great Mechanoid Assembly governs all robotic citizens."", ""Gear-Blood circulation systems are marvels of engineering.""]","Mechanoid 'Gear-Blood' consists of 'Liquid-Steel' and 'Spark-Motes'.","['A', 'B', 'C', 'D', 'E', 'F', 'G', 'H', 'I', 'J']"
What two distinct abilities do Celestian 'Star-Singers' possess?,"[""Celestian 'Star-Singers' can weave 'Harmony-Threads' from cosmic vibrations to create tangible musical constructs."", ""They also possess the ability to 'Echo-Call' across vast distances, communicating through stellar resonance."", ""Celestian art forms are inspired by cosmic phenomena."", ""The Star-Opera House is a wonder of Celestian architecture."", ""Star-Singers begin their training as young children."", ""Harmony-Threads shimmer with stellar light."", ""The Celestian Conservatory teaches advanced musical theory."", ""Echo-Calls can travel faster than light itself."", ""Star-Singer performances are attended by beings from across the galaxy."", ""The Grand Celestian Chorus performs only once per century.""]","Celestian 'Star-Singers' can weave 'Harmony-Threads' and perform 'Echo-Calls'.","['A', 'B', 'C', 'D', 'E', 'F', 'G', 'H', 'I', 'J']"
What are the two key components of Atlantean 'Tide-Weapons'?,"[""Atlantean 'Tide-Weapons' are forged with cores of 'Whirlpool-Ore' mined from oceanic maelstroms."", ""The Whirlpool-Ore is then enhanced with 'Current-Crystals' that channel the power of ocean streams."", ""Atlantean cities are built in underwater domes."", ""The Ocean-Guard protects Atlantean territories."", ""Tide-Weapons can control water in various forms."", ""Whirlpool-Ore exhibits natural rotational properties."", ""Atlantean smiths work in pressurized forges."", ""Current-Crystals glow with aquamarine light."", ""The Trident-Masters are elite Atlantean warriors."", ""Atlantean history spans over ten thousand years.""]","Atlantean 'Tide-Weapons' contain 'Whirlpool-Ore' and 'Current-Crystals'.","['A', 'B', 'C', 'D', 'E', 'F', 'G', 'H', 'I', 'J']"
What two functions does the Mystic 'Dream-Weaver's Loom' perform?,"[""The Mystic 'Dream-Weaver's Loom' can capture and solidify 'Sleep-Visions' into physical dream-silk tapestries."", ""It also has the ability to 'Memory-Stitch', embedding specific recollections directly into the fabric."", ""Dream-Weavers are respected members of mystic society."", ""The Loom-Guild maintains ancient weaving traditions."", ""Dream-silk is softer than any natural fiber."", ""Sleep-Visions appear as ethereal images during the weaving process."", ""Mystic looms are powered by lunar energy."", ""Memory-Stitching requires deep meditative states."", ""The Grand Dream-Hall displays the finest tapestries."", ""Dream-Weavers often work during the deepest hours of night.""]","The Mystic 'Dream-Weaver's Loom' captures 'Sleep-Visions' and performs 'Memory-Stitching'.","['A', 'B', 'C', 'D', 'E', 'F', 'G', 'H', 'I', 'J']"
What are the two primary elements used in Prismarian 'Light-Forging'?,"[""Prismarian 'Light-Forging' requires 'Rainbow-Essence' extracted from prismatic storms."", ""This Rainbow-Essence is then shaped using 'Photon-Hammers' that manipulate light as if it were solid matter."", ""Prismarian culture celebrates the spectrum of colors."", ""The Light-Smiths of Prismaria are legendary craftsmen."", ""Light-Forged items exhibit incredible luminosity."", ""Rainbow-Essence can be stored in crystal containers."", ""Prismarian apprentices learn color theory before forging."", ""Photon-Hammers are crafted from compressed starlight."", ""The Prism-City refracts sunlight into stunning displays."", ""Light-Forging techniques have been refined over millennia.""]","Prismarian 'Light-Forging' uses 'Rainbow-Essence' and 'Photon-Hammers'.","['A', 'B', 'C', 'D', 'E', 'F', 'G', 'H', 'I', 'J']"
What two abilities are granted by Shadowmere 'Void-Cloaks'?,"[""Shadowmere 'Void-Cloaks' allow the wearer to 'Phase-Shift' partially out of physical reality."", ""Additionally, these cloaks enable 'Shadow-Meld', letting the user become one with existing darkness."", ""Shadowmere is a realm of perpetual twilight."", ""The Umbral-Weavers craft the finest shadow-garments."", ""Void-Cloaks are worn by elite Shadowmere agents."", ""Phase-Shifting creates a translucent, ghostly appearance."", ""The Shadow-Academy trains students in stealth arts."", ""Shadow-Melding makes detection nearly impossible."", ""Shadowmere politics involve complex schemes and alliances."", ""The Dark-Council governs from the Obsidian Throne.""]","Shadowmere 'Void-Cloaks' grant 'Phase-Shift' and 'Shadow-Meld' abilities.","['A', 'B', 'C', 'D', 'E', 'F', 'G', 'H', 'I', 'J']"
What are the two core materials in Aerion 'Wind-Walker' boots?,"[""Aerion 'Wind-Walker' boots are crafted with soles made from 'Cloud-Leather' harvested from sky-dwelling creatures."", ""The boots are reinforced with 'Gust-Metal' strapping that channels atmospheric currents."", ""Aerion cities float among the clouds."", ""The Sky-Dancers of Aerion perform aerial ballets."", ""Wind-Walker boots allow limited flight capabilities."", ""Cloud-Leather is remarkably light yet durable."", ""Aerion culture emphasizes freedom and movement."", ""Gust-Metal resonates with wind patterns."", ""The Floating-Markets of Aerion trade in rare sky-goods."", ""Wind-Walker craftsmanship is a closely guarded art.""]","Aerion 'Wind-Walker' boots use 'Cloud-Leather' and 'Gust-Metal'.","['A', 'B', 'C', 'D', 'E', 'F', 'G', 'H', 'I', 'J']"
What two functions does the Glacian 'Frost-Crown' serve?,"[""The Glacian 'Frost-Crown' can generate 'Ice-Shields' that form protective barriers around the wearer."", ""It also produces 'Blizzard-Pulses', concentrated bursts of freezing energy."", ""Glacian architecture incorporates natural ice formations."", ""The Ice-Palace of Glacia never melts."", ""Frost-Crowns are worn only by Glacian royalty."", ""Ice-Shields can deflect both physical and energy attacks."", ""Glacian society values endurance and resilience."", ""Blizzard-Pulses can freeze enemies solid."", ""The Eternal-Winter of Glacia has lasted for centuries."", ""Frost-Crown ceremonies are held during the coldest months.""]","The Glacian 'Frost-Crown' generates 'Ice-Shields' and produces 'Blizzard-Pulses'.","['A', 'B', 'C', 'D', 'E', 'F', 'G', 'H', 'I', 'J']"
What are the two primary components of Terran 'Stone-Speaker' staffs?,"[""Terran 'Stone-Speaker' staffs are carved from 'Ancient-Heartwood' of thousand-year-old mountain trees."", ""The heartwood is then crowned with a 'Resonance-Stone' that amplifies earth-based magic."", ""Terran druids commune with the spirits of nature."", ""The Mountain-Halls of Terra echo with ancient songs."", ""Stone-Speaker staffs can command geological forces."", ""Ancient-Heartwood retains the wisdom of centuries."", ""Terran society lives in harmony with the earth."", ""Resonance-Stones are found in the deepest caves."", ""The Earth-Circle governs Terran magical practices."", ""Stone-Speakers can cause earthquakes and avalanches.""]","Terran 'Stone-Speaker' staffs use 'Ancient-Heartwood' and 'Resonance-Stones'.","['A', 'B', 'C', 'D', 'E', 'F', 'G', 'H', 'I', 'J']"
What two abilities do Phantasmal 'Spirit-Mirrors' possess?,"[""Phantasmal 'Spirit-Mirrors' can reveal 'Soul-Echoes', showing the true nature of any being reflected within."", ""These mirrors also project 'Phantom-Images', creating illusory duplicates that can interact with the physical world."", ""Phantasmal realm exists between reality and dreams."", ""The Mirror-Guild crafts reflective surfaces of power."", ""Spirit-Mirrors are highly sought after by investigators."", ""Soul-Echoes reveal hidden motivations and secrets."", ""Phantasmal artisans work with ethereal materials."", ""Phantom-Images can last for several hours."", ""The Hall-of-Mirrors is a maze of infinite reflections."", ""Spirit-Mirror creation requires decades of training.""]","Phantasmal 'Spirit-Mirrors' reveal 'Soul-Echoes' and project 'Phantom-Images'.","['A', 'B', 'C', 'D', 'E', 'F', 'G', 'H', 'I', 'J']"
What are the two essential materials for Vortexian 'Spiral-Blades'?,"[""Vortexian 'Spiral-Blades' are forged from 'Cyclone-Steel' that naturally curves in helical patterns."", ""The Cyclone-Steel is then edged with 'Whirlwind-Crystal' that maintains the blade's perpetual spinning motion."", ""Vortexian warriors are masters of rotational combat."", ""The Spiral-Academy teaches advanced blade techniques."", ""Spiral-Blades can cut through almost any material."", ""Cyclone-Steel is formed during atmospheric storms."", ""Vortexian culture emphasizes circular motion and cycles."", ""Whirlwind-Crystal hums with kinetic energy."", ""The Great-Vortex is the center of Vortexian civilization."", ""Spiral-Blade mastery takes decades to achieve.""]","Vortexian 'Spiral-Blades' are made from 'Cyclone-Steel' and 'Whirlwind-Crystal'.","['A', 'B', 'C', 'D', 'E', 'F', 'G', 'H', 'I', 'J']"
What two distinct powers do Verdant 'Life-Wands' channel?,"[""Verdant 'Life-Wands' can channel 'Growth-Force' to accelerate plant development and healing."", ""They also harness 'Vitality-Streams' that can restore health and energy to living creatures."", ""Verdant forests are home to ancient tree-spirits."", ""The Grove-Keepers protect sacred woodland areas."", ""Life-Wands are carved from still-living branches."", ""Growth-Force can make seeds sprout in seconds."", ""Verdant healers are renowned throughout many realms."", ""Vitality-Streams appear as glowing green energy."", ""The World-Tree is the heart of Verdant power."", ""Life-Wand rituals are performed during spring equinox.""]","Verdant 'Life-Wands' channel 'Growth-Force' and 'Vitality-Streams'.","['A', 'B', 'C', 'D', 'E', 'F', 'G', 'H', 'I', 'J']"
What are the two fundamental components of Astral 'Mind-Bridges'?,"[""Astral 'Mind-Bridges' are constructed using 'Thought-Cables' woven from crystallized mental energy."", ""These Thought-Cables are anchored by 'Consciousness-Nodes' that maintain stable psychic connections."", ""Astral-Plane travelers often get lost without proper guidance."", ""The Psychic-Academy trains students in mental disciplines."", ""Mind-Bridges span vast distances across dimensional space."", ""Thought-Cables shimmer with rainbow-hued energy."", ""Astral engineers must have powerful telepathic abilities."", ""Consciousness-Nodes pulse with regular mental rhythms."", ""The Central-Hub connects all major Astral cities."", ""Mind-Bridge construction requires multiple psychic specialists.""]","Astral 'Mind-Bridges' use 'Thought-Cables' and 'Consciousness-Nodes'.","['A', 'B', 'C', 'D', 'E', 'F', 'G', 'H', 'I', 'J']"
What two abilities do Solarian 'Sun-Dancers' manifest?,"[""Solarian 'Sun-Dancers' can create 'Solar-Ribbons' of pure light that flow like liquid sunshine."", ""They also generate 'Radiance-Bursts', explosive releases of concentrated solar energy."", ""Solarian festivals celebrate the summer solstice."", ""The Sun-Temple is built from golden crystal."", ""Sun-Dancers perform only during daylight hours."", ""Solar-Ribbons can blind enemies or illuminate darkness."", ""Solarian culture worships the power of the sun."", ""Radiance-Bursts can melt metal at close range."", ""The Solar-Academy teaches light-based combat."", ""Sun-Dancer training begins before dawn each day.""]","Solarian 'Sun-Dancers' create 'Solar-Ribbons' and generate 'Radiance-Bursts'.","['A', 'B', 'C', 'D', 'E', 'F', 'G', 'H', 'I', 'J']"
What are the two core materials in Resonant 'Harmony-Bells'?,"[""Resonant 'Harmony-Bells' are cast from 'Song-Bronze' that naturally produces perfect musical tones."", ""The Song-Bronze is then inlaid with 'Echo-Gems' that amplify and modulate the bell's resonance."", ""Resonant musicians are celebrated across many worlds."", ""The Bell-Tower of Resonance can be heard for miles."", ""Harmony-Bells are used in both music and magic."", ""Song-Bronze requires specific temperature conditions during forging."", ""Resonant society values musical harmony above all."", ""Echo-Gems change color based on the notes they produce."", ""The Great-Symphony is performed once each generation."", ""Harmony-Bell creation is a sacred art form.""]","Resonant 'Harmony-Bells' are made from 'Song-Bronze' and 'Echo-Gems'.","['A', 'B', 'C', 'D', 'E', 'F', 'G', 'H', 'I', 'J']"
What two functions does the Temporal 'Flux-Anchor' device serve?,"[""The Temporal 'Flux-Anchor' can create 'Time-Locks' that prevent temporal manipulation in a localized area."", ""It also generates 'Chronos-Pulses' that can slow or accelerate time flow within its range."", ""Temporal engineers study at the Institute of Time."", ""The Time-Stream flows in mysterious patterns."", ""Flux-Anchors are essential for temporal stability."", ""Time-Locks create shimmering barriers in space."", ""Temporal society exists across multiple time periods."", ""Chronos-Pulses appear as rippling distortions in air."", ""The Temporal-Council regulates time-travel activities."", ""Flux-Anchor technology is highly classified.""]","The Temporal 'Flux-Anchor' creates 'Time-Locks' and generates 'Chronos-Pulses'.","['A', 'B', 'C', 'D', 'E', 'F', 'G', 'H', 'I', 'J']"
What are the two primary ingredients in Alchemical 'Transformation-Elixirs'?,"[""Alchemical 'Transformation-Elixirs' require 'Essence-Pearls' that contain concentrated life force."", ""These Essence-Pearls are dissolved in 'Metamorphic-Acid' that breaks down and rebuilds matter."", ""Alchemical laboratories are filled with bubbling experiments."", ""The Grand-Alchemist oversees all magical research."", ""Transformation-Elixirs can change living beings temporarily."", ""Essence-Pearls are harvested from deep-sea creatures."", ""Alchemical arts require years of study to master."", ""Metamorphic-Acid must be handled with extreme care."", ""The Philosopher's-Circle debates ethical uses of alchemy."", ""Transformation-Elixir effects last for exactly one hour.""]","Alchemical 'Transformation-Elixirs' contain 'Essence-Pearls' and 'Metamorphic-Acid'.","['A', 'B', 'C', 'D', 'E', 'F', 'G', 'H', 'I', 'J']"
What two abilities do Phantom 'Wraith-Riders' possess while mounted?,"[""Phantom 'Wraith-Riders' can perform 'Phase-Gallops' that allow their spectral steeds to run through solid matter."", ""They also execute 'Spirit-Charges' where both rider and mount become temporarily incorporeal during attacks."", ""Phantom realm is shrouded in eternal mist."", ""The Wraith-Stables house dozens of spectral horses."", ""Wraith-Riders serve as elite cavalry for the phantom armies."", ""Phase-Gallops leave no tracks or traces."", ""Phantom culture values honor in battle."", ""Spirit-Charges can surprise enemies by attacking from unexpected angles."", ""The Night-Marshal commands all Wraith-Rider units."", ""Wraith-Rider training requires bonding with a phantom steed.""]","Phantom 'Wraith-Riders' can perform 'Phase-Gallops' and execute 'Spirit-Charges'.","['A', 'B', 'C', 'D', 'E', 'F', 'G', 'H', 'I', 'J']"
What are the two essential components of Mystic 'Rune-Stones'?,"[""Mystic 'Rune-Stones' are carved from 'Memory-Marble' that retains magical impressions."", ""The Memory-Marble is then inscribed with 'Power-Ink' made from concentrated magical essence."", ""Mystic scholars study ancient runic languages."", ""The Rune-Library contains thousands of magical symbols."", ""Rune-Stones can store and release magical spells."", ""Memory-Marble is quarried from enchanted mountains."", ""Mystic culture preserves ancient magical knowledge."", ""Power-Ink glows when magical energy flows through it."", ""The Circle-of-Mages oversees rune-crafting practices."", ""Rune-Stone creation requires precise ritual timing.""]","Mystic 'Rune-Stones' use 'Memory-Marble' and 'Power-Ink'.","['A', 'B', 'C', 'D', 'E', 'F', 'G', 'H', 'I', 'J']"
What two distinct capabilities do Quantum 'Reality-Shapers' possess?,"[""Quantum 'Reality-Shapers' can manipulate 'Probability-Fields' to alter the likelihood of events occurring."", ""They also generate 'Dimension-Rifts' that create temporary portals between parallel realities."", ""Quantum physics governs the strange laws of their realm."", ""The Reality-Institute studies multidimensional phenomena."", ""Reality-Shapers undergo extensive quantum training."", ""Probability-Fields appear as swirling energy patterns."", ""Quantum society exists in multiple dimensions simultaneously."", ""Dimension-Rifts create temporary doorways between worlds."", ""The Quantum-Council maintains reality stability."", ""Reality-Shaper abilities can be dangerous if misused.""]","Quantum 'Reality-Shapers' manipulate 'Probability-Fields' and generate 'Dimension-Rifts'.","['A', 'B', 'C', 'D', 'E', 'F', 'G', 'H', 'I', 'J']"
What are the two fundamental materials used in Ethereal 'Ghost-Nets'?,"[""Ethereal 'Ghost-Nets' are woven from 'Spirit-Thread' spun from ectoplasmic residue."", ""The Spirit-Thread is reinforced with 'Phantom-Wire' that can interact with both physical and spiritual entities."", ""Ethereal hunters specialize in capturing supernatural beings."", ""The Spirit-Realm overlaps with the physical world."", ""Ghost-Nets can hold incorporeal creatures."", ""Spirit-Thread is nearly invisible to normal sight."", ""Ethereal crafters work only during midnight hours."", ""Phantom-Wire vibrates at supernatural frequencies."", ""The Ghostly-Guild regulates spectral hunting."", ""Ghost-Net weaving requires psychic sensitivity.""]","Ethereal 'Ghost-Nets' use 'Spirit-Thread' and 'Phantom-Wire'.","['A', 'B', 'C', 'D', 'E', 'F', 'G', 'H', 'I', 'J']"
What two powers do Cosmic 'Star-Weavers' channel through their craft?,"[""Cosmic 'Star-Weavers' can spin 'Nebula-Yarn' from the raw material of stellar nurseries."", ""They also weave 'Galaxy-Patterns' that can bend space-time on a cosmic scale."", ""Cosmic artisans work on scales beyond mortal comprehension."", ""The Universe-Loom is the size of a solar system."", ""Star-Weavers shape the very fabric of space."", ""Nebula-Yarn glows with the light of newborn stars."", ""Cosmic civilization spans entire galactic clusters."", ""Galaxy-Patterns can create or destroy entire star systems."", ""The Stellar-Council governs cosmic-scale activities."", ""Star-Weaver training lasts for geological ages.""]","Cosmic 'Star-Weavers' spin 'Nebula-Yarn' and weave 'Galaxy-Patterns'.","['A', 'B', 'C', 'D', 'E', 'F', 'G', 'H', 'I', 'J']"
What are the two core elements that make up Volcanic 'Magma-Shields'?,"[""Volcanic 'Magma-Shields' are forged with a base of 'Lava-Stone' that naturally resists extreme heat."", ""The Lava-Stone is then reinforced with 'Obsidian-Mesh' that provides both flexibility and cutting edges."", ""Volcanic smiths work in forges heated by active magma."", ""The Fire-Mountain is the center of volcanic civilization."", ""Magma-Shields can withstand temperatures of over 2000 degrees."", ""Lava-Stone is harvested from cooling volcanic flows."", ""Volcanic culture honors the power of fire and earth."", ""Obsidian-Mesh creates razor-sharp defensive spikes."", ""The Forge-Masters of the volcano are legendary craftsmen."", ""Magma-Shield construction requires months of careful work.""]","Volcanic 'Magma-Shields' are made from 'Lava-Stone' and 'Obsidian-Mesh'.","['A', 'B', 'C', 'D', 'E', 'F', 'G', 'H', 'I', 'J']"